{
    "CameraIsp" : {
        "serial" : 0,
        "name" : "PointGrey Grasshopper",
        "bitsPerPixel" : 16,
        "compandingLut" :  [[0.0,  0.0,  0.0],
                            [0.6,  0.6,  0.0],
                            [1.0,  1.0, 0.0]],
        "blackLevel" : [1542.0, 1542.0, 1542.0],
        "vignetteRollOffH" : [[1.3, 1.3, 1.3],
                              [1.1, 1.1, 1.1],
                              [1.0, 1.0, 1.0],
                              [1.1, 1.1, 1.1],
                              [1.3, 1.3, 1.3]],
        "vignetteRollOffV" : [[1.3, 1.3, 1.3],
                              [1.1, 1.1, 1.1],
                              [1.0, 1.0, 1.0],
                              [1.1, 1.1, 1.1],
                              [1.3, 1.3, 1.3]],
        "whiteBalanceGain" : [1.1, 1.0, 1.65],
        "stuckPixelThreshold" : 5,
        "stuckPixelDarknessThreshold" : 0.11,
        "stuckPixelRadius" : 0,
        "denoise" : 0.8,
        "denoiseRadius" : 4,
        "ccm" : [[1.02169,  -0.05711,  0.03543],
                 [0.16789,   1.13419, -0.30208],
                 [-0.15726, -0.07864,  1.2359]],
        "sharpening" : [0.5, 0.5, 0.5],
        "saturation" : 1.2,
        "contrast" : 1.0,
        "lowKeyBoost" : [-0.2, -0.2, -0.2],
        "highKeyBoost" : [0.2, 0.2, 0.2],
        "gamma" : [0.4545, 0.4545, 0.4545],
        "bayerPattern" : "GBRG"
    }
}
